{
  "n": 44,
  "pca_var": [
    0.9886605790705204,
    0.011316519842529986
  ],
  "acc": 0.13636363636363635,
  "nw_acc": 0.20454545454545456,
  "purity": 0.5544642857142856,
  "per_concept": {
    "Academy Awards": {
      "cat": "Entertainment",
      "nw": 74,
      "pc1": -0.09504983759752825,
      "pc2": 0.03930898660324436
    },
    "Adobe Flash": {
      "cat": "Technology",
      "nw": 25,
      "pc1": -1.0270036635095703,
      "pc2": 0.0068669409527521205
    },
    "Algebra": {
      "cat": "Science",
      "nw": 130,
      "pc1": 0.09539702931356749,
      "pc2": -0.01310602771175221
    },
    "Barbie (film)": {
      "cat": "Entertainment",
      "nw": 153,
      "pc1": 0.12626920931780344,
      "pc2": -0.01648161151098298
    },
    "Bitcoin": {
      "cat": "Technology",
      "nw": 102,
      "pc1": 0.029015184998164675,
      "pc2": 0.03348224417523815
    },
    "BlackBerry": {
      "cat": "Technology",
      "nw": 158,
      "pc1": 0.20606875705238856,
      "pc2": -0.03419458279618195
    },
    "Black Lives Matter": {
      "cat": "Politics",
      "nw": 140,
      "pc1": 0.16746860581954096,
      "pc2": -0.022747286369698163
    },
    "Brexit": {
      "cat": "Politics",
      "nw": 145,
      "pc1": 0.07557387567957481,
      "pc2": -0.030503020318231832
    },
    "COVID-19": {
      "cat": "Health",
      "nw": 141,
      "pc1": 0.14184452913183468,
      "pc2": -0.0007113907904905077
    },
    "Calculus": {
      "cat": "Science",
      "nw": 74,
      "pc1": -0.15375377308137583,
      "pc2": 0.03612992415683606
    },
    "Carbon": {
      "cat": "Science",
      "nw": 143,
      "pc1": 0.1331692391203464,
      "pc2": 0.002279218751363942
    },
    "ChatGPT": {
      "cat": "Technology",
      "nw": 100,
      "pc1": 0.08652953778901346,
      "pc2": 0.009613087876576247
    },
    "Christmas": {
      "cat": "Culture",
      "nw": 151,
      "pc1": 0.1287036663324428,
      "pc2": 0.004044683221634568
    },
    "Clubhouse (app)": {
      "cat": "Technology",
      "nw": 78,
      "pc1": -0.12319097852224256,
      "pc2": 0.05442402386918715
    },
    "DNA": {
      "cat": "Science",
      "nw": 121,
      "pc1": 0.13066307869966404,
      "pc2": -0.030759311437146938
    },
    "Darwin": {
      "cat": "Science",
      "nw": 21,
      "pc1": -1.3684531659952905,
      "pc2": -0.10242605921477561
    },
    "Democracy": {
      "cat": "Politics",
      "nw": 145,
      "pc1": 0.2142992898723518,
      "pc2": -0.031832629867196205
    },
    "Elon Musk": {
      "cat": "Business",
      "nw": 154,
      "pc1": 0.18371527858950756,
      "pc2": -0.009868709583832746
    },
    "Evolution": {
      "cat": "Science",
      "nw": 149,
      "pc1": 0.15083070709004784,
      "pc2": -0.04388880787199601
    },
    "FIFA World Cup": {
      "cat": "Sports",
      "nw": 103,
      "pc1": -0.035254259993678386,
      "pc2": 0.023610946006537355
    },
    "FarmVille": {
      "cat": "Technology",
      "nw": 106,
      "pc1": 0.00833089579359575,
      "pc2": 0.029955630931701626
    },
    "GameStop short squeeze": {
      "cat": "Business",
      "nw": 144,
      "pc1": 0.11378838305249711,
      "pc2": -0.0003950640054912123
    },
    "Google+": {
      "cat": "Technology",
      "nw": 73,
      "pc1": -0.14109506056376395,
      "pc2": 0.053054651883101246
    },
    "Grammy Awards": {
      "cat": "Entertainment",
      "nw": 97,
      "pc1": -0.17563766139488501,
      "pc2": 0.04131409708338595
    },
    "Gravity": {
      "cat": "Science",
      "nw": 142,
      "pc1": 0.1422091553881005,
      "pc2": -0.015247952291445018
    },
    "Halloween": {
      "cat": "Culture",
      "nw": 135,
      "pc1": 0.17841495898998555,
      "pc2": -0.013454103306699834
    },
    "Internet Explorer": {
      "cat": "Technology",
      "nw": 121,
      "pc1": 0.02382715223125687,
      "pc2": 0.028823126028432337
    },
    "LimeWire": {
      "cat": "Technology",
      "nw": 107,
      "pc1": 0.02893772846595013,
      "pc2": 0.03284228967151408
    },
    "MySpace": {
      "cat": "Technology",
      "nw": 113,
      "pc1": 0.013868407376670734,
      "pc2": 0.03054033242747176
    },
    "Nokia": {
      "cat": "Technology",
      "nw": 151,
      "pc1": 0.150361199705166,
      "pc2": -0.011456271894261174
    },
    "Olympic Games": {
      "cat": "Sports",
      "nw": 139,
      "pc1": 0.14640258767163297,
      "pc2": -0.026534402214498428
    },
    "Oppenheimer (film)": {
      "cat": "Entertainment",
      "nw": 167,
      "pc1": 0.11169070080102306,
      "pc2": -0.03269192201883366
    },
    "Oxygen": {
      "cat": "Science",
      "nw": 148,
      "pc1": 0.11881575796736506,
      "pc2": -0.014544274560200375
    },
    "Periodic table": {
      "cat": "Science",
      "nw": 131,
      "pc1": 0.07475711930261725,
      "pc2": -0.021329811093679787
    },
    "Philosophy": {
      "cat": "Science",
      "nw": 138,
      "pc1": 0.2072429560511079,
      "pc2": -0.022940457493420916
    },
    "Photosynthesis": {
      "cat": "Science",
      "nw": 150,
      "pc1": 0.14981624169026517,
      "pc2": -0.0297993952288037
    },
    "Second Life": {
      "cat": "Technology",
      "nw": 113,
      "pc1": 0.024436251880524257,
      "pc2": 0.011912612447756082
    },
    "Super Bowl": {
      "cat": "Sports",
      "nw": 96,
      "pc1": -0.282414058560032,
      "pc2": 0.03418424883804895
    },
    "Taylor Swift": {
      "cat": "Entertainment",
      "nw": 144,
      "pc1": 0.08638564355799266,
      "pc2": 0.005904578356031234
    },
    "Tesla, Inc.": {
      "cat": "Business",
      "nw": 150,
      "pc1": 0.20156066489782176,
      "pc2": -0.018516810303182113
    },
    "Thanksgiving": {
      "cat": "Culture",
      "nw": 44,
      "pc1": -0.45700971158702164,
      "pc2": 0.06695298705723603
    },
    "Ukraine": {
      "cat": "Politics",
      "nw": 149,
      "pc1": 0.10660648842154292,
      "pc2": -0.015363948660460461
    },
    "Vine (service)": {
      "cat": "Technology",
      "nw": 116,
      "pc1": 0.07914288229960326,
      "pc2": 0.005567293660592427
    },
    "Windows XP": {
      "cat": "Technology",
      "nw": 101,
      "pc1": 0.022719006454421452,
      "pc2": 0.007981946544621752
    }
  }
}